Location	tnt	qnt
9	G	A
16	A	T
56	A	G
57	T	A
58	T	C
58	T	A
60	T	C
61	C	G
61	C	T
62	G	T
63	T	C
64	C	T
64	C	G
72	T	C
73	A	G
93	A	G
95	A	C
103	G	A
111	A	G
114	C	T
117	T	G
119	T	C
121	G	A
143	G	A
146	T	C
150	C	T
151	C	T
152	T	C
153	A	G
182	C	T
183	A	G
185	G	A
188	A	G
189	A	G
189	A	C
191	A	G
192	T	C
194	C	T
195	T	C
196	T	C
198	C	T
199	T	C
200	A	G
203	G	A
204	T	C
207	G	A
210	A	G
214	A	G
215	A	G
217	T	C
226	T	C
227	A	G
228	G	A
230	A	G
234	A	G
235	A	G
236	T	C
237	A	G
239	T	C
241	A	T
245	T	C
247	G	A
249	A	G
251	G	A
257	A	G
259	A	G
261	C	T
263	A	G
266	T	C
268	C	T
272	A	G
277	C	T
278	A	G
279	T	G
279	T	C
280	C	T
282	T	C
290	A	G
292	T	C
293	T	C
294	T	C
295	C	T
296	C	A
297	A	C
297	A	G
299	C	A
319	T	C
325	C	T
326	A	C
333	T	C
334	T	C
338	C	T
345	C	T
357	A	C
366	G	A
368	A	G
372	T	C
373	A	G
374	A	G
382	C	T
390	A	G
408	T	A
414	T	G
417	G	A
418	C	T
432	A	C
439	A	C
447	C	T
449	T	C
456	C	T
460	T	C
462	C	T
464	A	C
470	A	C
471	T	C
474	T	C
477	T	C
482	T	C
489	T	C
493	A	C
494	C	T
497	C	T
499	G	C
503	A	C
503	A	T
504	T	C
504	T	A
507	T	C
508	A	C
508	A	G
509	C	G
511	C	G
511	C	A
512	A	C
513	G	A
526	G	C
527	C	T
528	T	C
531	T	C
534	C	T
538	A	C
539	T	C
540	A	C
545	G	C
550	A	C
551	A	C
554	A	C
556	A	C
560	C	A
561	A	C
564	G	A
564	G	C
565	A	C
567	A	C
569	C	A
571	C	T
573	C	T
574	A	C
576	A	C
579	T	C
583	G	A
593	T	C
596	T	C
605	T	C
608	A	G
614	A	G
616	T	A
619	T	C
621	A	G
625	G	A
627	G	A
634	T	C
644	A	G
653	G	A
654	T	C
657	G	A
664	G	A
669	T	C
671	T	C
673	T	C
675	A	G
680	T	C
684	T	C
709	G	A
711	T	C
715	G	A
717	G	A
729	T	C
737	C	T
740	G	A
750	A	G
753	A	G
760	A	G
769	G	A
789	T	C
791	G	A
795	A	G
796	G	A
799	A	G
801	A	G
810	G	A
811	G	A
820	G	A
827	A	T
827	A	G
837	A	G
842	C	T
859	T	C
861	T	C
864	T	C
866	A	G
877	G	C
879	T	C
899	G	A
911	T	C
914	A	G
921	T	C
922	C	T
929	A	G
930	G	A
936	G	A
953	T	A
953	T	C
955	A	G
961	T	C
961	T	G
966	A	C
980	T	C
982	A	G
989	T	C
1000	T	C
1007	G	A
1016	T	C
1018	G	A
1019	A	G
1031	G	A
1040	T	C
1047	A	G
1082	A	G
1095	T	C
1116	A	T
1121	A	G
1138	G	A
1155	G	A
1159	A	G
1171	A	G
1179	G	A
1184	T	C
1187	T	C
1189	T	C
1193	T	C
1197	G	A
1200	G	A
1201	A	G
1211	G	A
1214	A	G
1215	T	C
1221	A	G
1222	A	G
1227	G	A
1231	A	G
1235	T	C
1237	A	G
1248	C	T
1255	T	C
1257	T	C
1282	G	A
1289	G	C
1289	G	A
1292	A	G
1301	G	A
1303	G	A
1308	T	C
1316	T	C
1323	G	A
1324	T	C
1334	G	A
1347	G	A
1349	T	C
1351	G	A
1362	G	A
1369	T	C
1380	G	A
1389	G	A
1392	A	G
1393	G	A
1412	G	A
1422	G	A
1428	G	A
1435	A	G
1437	T	C
1442	G	A
1452	T	C
1462	G	A
1463	G	A
1473	C	T
1480	A	T
1480	A	G
1496	T	C
1507	A	G
1516	G	A
1531	C	T
1536	A	G
1537	C	T
1541	T	C
1542	T	C
1549	G	A
1555	A	G
1573	A	G
1574	G	A
1598	G	A
1608	G	A
1609	T	C
1612	C	T
1619	C	T
1629	A	G
1642	G	A
1646	T	C
1648	T	C
1654	T	C
1661	A	G
1661	A	T
1671	G	A
1673	T	C
1676	A	G
1677	C	T
1682	C	T
1694	T	C
1704	T	C
1706	C	T
1713	A	G
1721	C	T
1728	T	C
1729	T	C
1748	G	A
1766	T	C
1770	G	A
1787	G	A
1789	A	G
1793	G	A
1795	A	G
1800	G	A
1804	A	G
1805	A	G
1811	A	G
1819	T	C
1821	A	G
1830	G	A
1831	G	A
1841	T	C
1844	A	G
1872	T	C
1882	A	G
1888	G	A
1896	T	C
1897	A	G
1918	G	A
1927	G	A
1941	G	A
1943	A	G
1947	C	T
1949	G	C
1950	T	C
1953	A	G
1954	T	C
1958	G	A
1961	A	G
1968	G	A
1974	A	T
1980	A	G
1982	G	A
1989	C	T
1992	C	T
1999	A	G
2005	C	T
2008	G	A
2009	G	A
2010	T	G
2010	T	C
2015	G	A
2040	G	A
2041	T	C
2053	T	C
2056	G	A
2065	A	G
2069	T	C
2075	T	C
2081	T	C
2083	T	C
2086	A	G
2094	G	A
2097	A	G
2099	T	C
2117	T	C
2121	G	A
2140	G	A
2145	G	A
2168	T	C
2170	G	A
2174	G	A
2182	G	A
2202	C	A
2203	G	A
2211	T	C
2217	C	T
2220	A	G
2222	T	G
2241	A	G
2244	T	C
2245	A	G
2246	A	G
2251	A	G
2253	T	C
2259	C	T
2275	T	C
2279	T	C
2289	G	A
2294	A	G
2299	T	C
2300	G	A
2307	T	C
2308	A	G
2330	T	C
2332	C	T
2333	G	A
2339	G	A
2352	T	C
2356	A	G
2358	A	G
2361	G	A
2366	G	A
2374	A	G
2383	T	C
2388	A	G
2392	T	C
2397	C	T
2399	A	G
2404	T	C
2407	T	C
2410	T	C
2412	A	G
2416	T	C
2419	C	A
2420	T	C
2434	A	G
2435	G	A
2442	T	C
2445	T	C
2452	A	G
2454	G	A
2475	T	C
2478	G	A
2487	A	C
2492	G	A
2510	T	C
2515	T	C
2517	T	C
2534	G	A
2542	G	A
2557	C	T
2563	T	C
2573	G	A
2576	A	G
2579	C	T
2593	G	A
2614	T	C
2623	A	G
2628	T	C
2636	G	A
2643	G	A
2645	G	A
2646	G	A
2647	G	A
2648	T	C
2649	T	C
2652	G	A
2655	G	A
2663	C	T
2664	T	C
2690	G	A
2695	G	A
2697	G	A
2702	G	A
2706	A	G
2707	A	G
2719	G	A
2724	G	A
2725	A	G
2731	T	C
2746	T	C
2757	A	G
2759	T	C
2769	A	G
2772	C	A
2776	G	A
2777	G	A
2778	T	C
2786	T	C
2789	C	T
2792	A	G
2795	T	C
2808	T	C
2811	G	A
2814	G	A
2820	A	G
2825	G	A
2833	A	G
2836	C	A
2838	A	G
2846	G	A
2850	T	C
2857	T	C
2863	T	C
2866	A	G
2898	T	C
2903	T	C
2905	A	G
2907	T	C
2908	T	C
2913	A	G
2916	G	A
2931	A	G
2932	G	A
2934	G	A
2935	A	G
2953	T	C
2959	G	A
2960	T	C
2961	C	T
2968	A	G
2973	T	C
2977	G	A
2978	T	C
2979	T	C
2981	A	C
2991	T	C
3002	G	A
3003	A	G
3010	G	A
3015	T	C
3016	G	A
3022	G	A
3024	T	C
3027	T	C
3030	A	G
3031	G	A
3036	G	A
3042	T	C
3047	G	A
3052	A	G
3065	T	C
3075	G	A
3081	A	G
3094	G	A
3097	T	C
3098	T	C
3105	A	G
3114	T	C
3147	G	A
3161	G	A
3162	C	T
3173	G	A
3178	T	C
3179	G	A
3194	T	C
3197	T	C
3200	T	A
3200	T	C
3202	T	C
3212	C	T
3213	A	G
3225	G	A
3241	A	G
3242	G	A
3243	A	T
3243	A	G
3264	T	C
3290	T	C
3316	G	A
3317	C	T
3320	A	G
3327	A	T
3329	T	C
3333	C	T
3335	T	C
3340	C	T
3345	T	C
3347	T	C
3350	T	C
3358	G	A
3360	A	G
3372	T	C
3373	A	G
3387	T	C
3396	T	C
3425	T	C
3435	C	T
3447	A	C
3447	A	G
3451	T	C
3460	G	A
3476	C	T
3480	A	G
3483	G	A
3488	T	A
3492	A	C
3501	A	C
3509	T	C
3511	A	G
3511	A	C
3526	G	A
3528	C	T
3531	G	A
3532	A	G
3536	T	C
3537	A	G
3546	C	T
3558	A	G
3565	A	C
3567	C	T
3572	T	C
3577	A	C
3579	A	G
3582	C	T
3583	A	C
3585	C	T
3590	T	C
3591	G	A
3599	T	C
3606	A	G
3607	G	A
3608	G	A
3608	G	C
3611	T	C
3618	T	C
3623	T	C
3631	T	C
3640	G	C
3643	G	A
3644	T	C
3645	T	C
3653	T	C
3659	G	C
3705	G	A
3713	T	C
3720	A	G
3724	A	G
3733	G	A
3736	G	A
3745	G	A
3749	T	C
3752	T	C
3760	T	C
3773	T	C
3777	T	C
3789	C	T
3791	T	C
3795	C	T
3796	A	G
3803	T	C
3806	C	T
3816	A	G
3826	T	C
3832	C	T
3834	G	A
3842	G	A
3846	C	T
3847	T	C
3849	G	A
3850	G	A
3854	T	C
3855	A	G
3863	T	C
3879	A	G
3885	C	T
3892	A	G
3908	C	T
3915	G	A
3918	G	A
3946	G	A
3952	G	A
3977	T	C
3980	T	C
3984	C	T
3990	C	T
3992	C	T
3995	A	G
4002	T	C
4021	A	G
4024	A	G
4028	T	C
4039	A	G
4048	G	A
4055	T	C
4062	T	C
4065	A	G
4066	C	T
4067	T	C
4080	T	C
4083	T	C
4093	A	G
4117	T	C
4123	A	G
4125	T	C
4129	A	G
4131	A	G
4136	A	G
4137	C	T
4144	T	C
4172	T	C
4193	T	C
4194	C	T
4204	T	C
4212	A	G
4216	T	C
4219	G	A
4219	G	C
4221	C	T
4221	C	A
4222	T	A
4223	C	T
4269	A	G
4284	G	A
4285	T	C
4296	G	A
4298	G	A
4300	A	G
4314	T	A
4314	T	C
4317	A	C
4325	A	G
4336	T	C
4353	T	C
4357	T	C
4360	G	A
4368	A	G
4370	T	C
4371	T	C
4373	T	C
4380	C	T
4381	A	G
4396	T	C
4406	A	G
4435	A	G
4453	A	G
4460	T	C
4466	A	G
4475	T	C
4481	G	A
4491	G	A
4500	T	C
4502	T	C
4509	T	C
4524	A	G
4529	A	T
4530	G	A
4535	A	G
4548	T	C
4553	T	C
4554	A	G
4560	G	A
4572	A	G
4579	T	C
4580	G	A
4586	T	C
4592	T	C
4619	T	C
4639	T	C
4645	A	G
4646	T	C
4647	T	C
4659	G	A
4665	G	A
4690	T	C
4702	A	G
4703	T	C
4720	G	A
4727	A	G
4732	A	G
4742	T	C
4745	A	G
4746	T	C
4749	T	C
4752	T	C
4755	T	C
4759	T	C
4760	A	G
4762	T	C
4767	A	G
4768	T	C
4769	A	G
4793	A	G
4794	G	A
4801	T	C
4808	C	T
4814	C	T
4823	T	C
4824	A	G
4838	T	C
4841	G	A
4842	A	G
4859	T	C
4891	T	C
4896	T	C
4897	A	G
4898	C	T
4902	A	G
4907	T	C
4913	A	T
4916	A	G
4917	A	G
4921	T	C
4923	A	G
4932	C	A
4933	T	C
4944	A	G
4945	T	C
4947	T	C
4948	T	C
4955	C	T
4958	A	G
4959	G	A
4967	T	C
4973	T	C
4986	A	G
4991	G	A
5004	T	C
5009	A	G
5027	C	T
5029	T	C
5032	G	A
5033	A	G
5042	A	G
5046	G	A
5047	T	C
5048	T	C
5049	C	T
5054	G	A
5063	T	C
5068	T	C
5078	T	C
5095	T	C
5108	T	C
5118	C	A
5128	A	G
5130	T	C
5134	A	G
5147	G	A
5148	A	G
5155	T	C
5159	A	G
5177	G	A
5201	T	C
5205	T	C
5224	G	A
5231	G	A
5237	G	A
5262	G	A
5263	C	T
5267	T	C
5272	A	G
5277	T	C
5288	C	T
5302	T	C
5311	T	C
5315	A	G
5319	A	G
5322	A	C
5329	T	C
5331	C	A
5335	A	G
5336	C	T
5347	A	G
5366	C	A
5373	A	G
5381	A	G
5390	A	G
5400	G	A
5417	G	A
5426	T	C
5435	C	T
5437	C	T
5442	T	C
5453	A	G
5460	G	A
5463	C	T
5468	C	T
5471	G	A
5474	A	G
5480	A	G
5486	C	A
5492	T	C
5495	T	C
5498	A	G
5505	A	G
5517	T	C
5539	A	G
5553	T	C
5559	A	G
5561	T	C
5569	C	A
5580	T	C
5585	G	A
5590	G	A
5592	A	G
5595	G	A
5602	C	T
5613	T	C
5618	T	C
5628	T	C
5631	G	A
5633	C	T
5641	T	C
5650	G	A
5656	A	G
5686	A	T
5703	G	A
5711	A	G
5715	A	G
5746	G	A
5747	A	G
5755	C	G
5772	G	A
5794	T	C
5806	T	C
5807	A	G
5813	A	G
5814	T	C
5819	T	C
5821	G	A
5822	G	A
5823	A	G
5840	C	A
5843	A	G
5853	T	C
5856	G	A
5876	A	C
5886	T	C
5889	A	C
5892	T	C
5893	C	T
5894	A	G
5895	C	T
5900	A	C
5902	T	C
5903	G	A
5913	G	A
5918	T	C
5925	T	C
5943	G	A
5954	A	G
5963	A	G
5964	T	C
5970	G	A
5978	A	G
5979	G	A
5981	T	C
5985	G	A
5999	T	C
6010	T	C
6011	T	C
6018	G	A
6026	G	A
6036	G	A
6037	G	A
6040	A	G
6045	C	T
6047	A	G
6048	G	A
6050	T	C
6052	A	G
6053	C	T
6063	T	C
6069	G	A
6070	T	C
6090	T	C
6093	G	A
6095	A	G
6113	A	G
6119	C	T
6120	A	G
6121	T	C
6126	A	G
6133	G	A
6134	C	T
6138	G	A
6145	G	A
6150	G	A
6152	T	C
6163	T	C
6168	G	A
6173	C	T
6179	G	A
6215	C	T
6216	T	C
6221	T	C
6246	T	C
6249	G	A
6251	T	C
6256	T	C
6259	A	G
6260	G	A
6261	G	A
6262	C	T
6266	A	G
6272	A	G
6285	G	A
6288	T	C
6296	C	A
6297	T	C
6307	A	G
6322	G	A
6323	A	G
6339	A	G
6340	C	T
6346	T	C
6363	G	A
6365	T	C
6366	G	A
6367	T	C
6377	C	T
6383	G	C
6387	A	G
6392	T	C
6406	T	C
6425	T	C
6430	T	C
6431	A	G
6444	A	G
6449	C	T
6450	C	T
6451	T	C
6456	G	A
6480	G	A
6485	A	G
6494	A	G
6508	T	C
6513	G	A
6517	G	A
6522	A	G
6523	C	T
6527	A	G
6542	C	T
6550	A	G
6570	G	A
6570	G	T
6581	A	G
6583	A	T
6588	A	G
6593	A	G
6605	A	C
6626	T	C
6643	T	C
6671	T	C
6680	T	C
6685	A	T
6701	A	G
6705	T	C
6709	G	A
6710	A	G
6713	C	T
6720	A	G
6722	G	A
6723	G	A
6724	T	C
6734	G	A
6735	A	G
6741	A	G
6742	T	C
6747	T	C
6755	G	A
6756	T	C
6761	C	T
6776	T	C
6785	A	G
6842	T	C
6844	T	C
6848	C	T
6855	G	A
6882	C	T
6892	G	A
6896	T	C
6902	A	G
6905	A	G
6915	G	A
6917	G	A
6917	G	C
6924	G	A
6933	T	C
6938	C	T
6951	G	A
6951	G	C
6956	T	C
6962	G	A
6962	G	T
6965	T	C
6972	G	A
6982	A	G
7022	T	C
7025	A	G
7028	C	T
7032	T	C
7040	T	C
7041	G	A
7042	T	C
7043	C	T
7052	A	G
7055	A	G
7069	T	C
7079	C	T
7080	T	C
7094	T	C
7107	G	A
7117	T	C
7118	A	G
7125	A	G
7129	A	G
7130	C	T
7138	T	C
7151	C	T
7157	C	T
7184	A	G
7196	C	A
7200	C	T
7202	A	G
7211	G	A
7220	T	C
7223	C	T
7226	G	A
7230	T	C
7241	A	G
7242	T	C
7244	C	T
7245	A	G
7247	C	T
7248	A	G
7256	C	T
7257	A	G
7269	G	A
7270	T	G
7270	T	C
7272	G	A
7275	T	C
7278	T	C
7283	T	C
7289	A	G
7298	A	C
7299	A	G
7302	T	C
7303	T	C
7308	A	G
7310	T	C
7311	T	C
7317	A	G
7325	A	G
7326	G	A
7332	G	A
7337	G	A
7340	G	A
7346	A	G
7351	T	C
7362	G	A
7368	T	C
7372	T	C
7381	A	G
7393	G	A
7394	A	G
7403	A	C
7407	T	C
7419	G	A
7424	A	G
7428	G	A
7429	T	C
7440	T	C
7440	T	A
7444	G	A
7476	C	T
7497	G	A
7501	T	C
7513	T	C
7521	G	A
7536	T	C
7537	T	C
7545	T	C
7546	T	C
7559	A	G
7563	T	C
7571	A	G
7572	T	C
7584	T	C
7598	G	A
7600	G	A
7609	T	C
7610	C	T
7613	C	T
7624	T	C
7637	G	A
7647	T	C
7654	T	C
7657	T	C
7664	G	A
7674	T	C
7683	T	C
7695	T	C
7697	G	A
7698	T	C
7702	G	A
7703	T	C
7704	A	G
7706	G	A
7711	T	C
7713	T	C
7719	C	T
7725	C	T
7732	A	G
7735	A	G
7751	T	C
7754	G	A
7754	G	C
7756	C	T
7757	G	A
7758	C	T
7759	T	C
7762	G	A
7768	A	G
7772	A	G
7775	G	A
7785	T	C
7789	G	A
7800	T	C
7804	A	G
7805	G	A
7809	T	C
7810	C	T
7814	G	A
7820	C	T
7822	A	G
7831	C	T
7843	A	G
7849	C	T
7852	G	A
7854	T	C
7859	G	A
7861	T	C
7876	C	T
7897	G	A
7908	A	C
7912	G	A
7913	T	C
7914	A	G
7922	T	C
7925	G	A
7926	G	A
7930	A	T
7934	A	G
7941	A	G
7950	T	C
7954	T	C
7960	A	G
7963	A	G
7965	T	C
7976	G	A
7980	A	G
7984	G	A
7996	C	T
7998	T	C
8005	T	C
8013	T	C
8014	A	G
8015	C	T
8020	G	A
8024	G	A
8026	A	G
8027	G	A
8038	T	C
8046	T	C
8065	G	A
8075	G	A
8080	C	T
8087	T	C
8093	T	C
8108	A	G
8109	T	C
8110	T	C
8114	G	A
8119	T	C
8131	C	T
8134	T	C
8138	A	G
8141	G	A
8143	T	C
8149	A	G
8152	G	A
8155	G	A
8156	G	A
8160	A	G
8166	G	A
8167	T	C
8173	C	T
8179	A	G
8180	A	G
8187	G	A
8189	G	C
8206	G	A
8222	T	C
8227	T	C
8251	G	A
8252	C	T
8255	G	A
8258	T	C
8260	T	C
8265	T	C
8267	T	C
8269	G	A
8277	T	C
8279	T	C
8280	A	C
8286	T	C
8290	G	C
8292	G	A
8296	A	C
8296	A	G
8298	T	C
8316	T	C
8340	G	A
8348	A	G
8350	A	G
8361	G	A
8362	T	C
8363	G	A
8380	T	C
8383	T	C
8387	G	A
8390	T	G
8392	G	A
8393	C	T
8398	C	T
8400	T	C
8404	T	C
8406	C	T
8411	A	G
8412	T	C
8415	T	C
8419	T	C
8424	T	C
8425	A	G
8426	T	C
8427	T	C
8435	A	G
8437	C	T
8444	A	G
8448	T	C
8454	A	G
8460	A	T
8460	A	G
8462	T	C
8469	T	C
8473	T	C
8477	T	C
8485	G	A
8490	T	C
8498	A	G
8503	T	C
8506	T	C
8512	A	G
8520	A	G
8521	A	G
8527	A	G
8537	A	G
8538	T	C
8545	G	A
8554	A	G
8557	G	A
8562	C	T
8563	A	G
8567	T	C
8570	T	C
8572	G	A
8573	G	A
8574	C	T
8577	A	G
8581	G	A
8584	G	A
8587	G	A
8590	C	T
8596	A	G
8597	T	C
8598	T	A
8602	T	C
8603	T	C
8607	C	T
8610	T	C
8614	T	C
8618	T	C
8623	A	C
8623	A	G
8633	A	G
8634	T	C
8639	T	C
8648	G	A
8670	A	G
8678	A	T
8680	C	T
8683	A	G
8696	T	C
8697	G	A
8699	T	C
8701	A	G
8705	T	C
8707	C	T
8718	A	G
8723	G	A
8730	A	G
8736	T	C
8737	A	G
8743	G	A
8744	T	C
8749	T	C
8752	A	G
8763	T	C
8784	A	T
8797	T	C
8801	T	C
8805	A	G
8828	A	G
8833	G	A
8837	T	C
8838	G	A
8842	A	G
8843	T	C
8854	G	A
8856	G	A
8857	G	A
8858	G	A
8860	A	G
8865	G	A
8868	T	C
8870	T	C
8876	T	C
8879	G	A
8881	T	C
8883	T	C
8901	A	G
8906	A	G
8920	G	A
8931	A	G
8936	T	C
8939	T	C
8943	C	T
8948	T	C
8950	G	A
8951	T	C
8961	A	G
8962	A	G
8978	T	C
8979	T	C
8989	G	A
8993	T	G
8994	G	A
8995	G	A
8998	G	A
9007	A	G
9008	C	T
9010	G	A
9025	G	A
9026	G	A
9031	C	T
9032	T	C
9033	A	G
9039	G	A
9053	G	A
9054	C	T
9055	G	A
9057	C	T
9058	A	G
9062	T	C
9068	T	C
9078	T	C
9083	T	C
9085	C	T
9088	T	C
9090	T	C
9093	A	G
9095	T	C
9096	T	C
9098	T	C
9105	C	T
9111	T	C
9113	T	C
9120	A	G
9123	G	A
9128	T	C
9133	G	A
9139	G	A
9141	T	C
9145	G	A
9146	C	T
9150	A	G
9156	A	G
9157	G	A
9167	T	C
9173	T	C
9174	T	C
9179	T	C
9180	A	G
9181	A	G
9184	C	T
9185	T	C
9196	G	A
9200	A	G
9210	A	G
9227	C	T
9230	T	C
9247	G	A
9259	T	C
9265	G	A
9267	G	A
9276	G	A
9286	T	C
9287	G	A
9288	A	G
9290	C	T
9294	G	A
9300	G	A
9305	G	A
9309	T	C
9321	T	C
9325	T	C
9326	A	G
9327	A	G
9332	C	T
9335	C	T
9342	G	A
9347	A	G
9348	C	T
9355	A	G
9363	A	G
9367	T	C
9368	A	G
9377	A	G
9378	T	C
9380	G	C
9380	G	A
9387	G	A
9390	A	G
9392	A	G
9410	A	G
9425	A	G
9425	A	C
9428	T	C
9438	G	A
9442	T	C
9445	G	A
9448	A	G
9452	G	A
9467	T	C
9477	G	A
9481	T	C
9482	T	C
9486	T	C
9489	G	A
9495	T	C
9515	C	T
9520	G	A
9525	G	A
9531	A	C
9535	C	T
9540	T	C
9545	A	G
9547	G	A
9548	G	A
9553	G	A
9554	G	A
9555	C	T
9560	A	G
9564	G	A
9573	C	T
9575	G	T
9581	T	C
9590	A	T
9592	T	A
9592	T	C
9610	C	T
9612	G	A
9615	T	C
9621	G	A
9623	A	G
9628	G	A
9632	A	G
9637	T	C
9647	T	C
9650	C	T
9651	C	T
9655	G	A
9663	G	A
9667	A	G
9673	G	A
9684	A	G
9698	T	C
9710	A	G
9714	G	A
9716	T	C
9719	C	T
9741	T	C
9742	C	T
9748	A	G
9752	C	T
9753	G	A
9754	A	G
9755	G	A
9758	T	C
9762	T	C
9765	A	G
9771	T	C
9786	G	A
9804	G	A
9812	C	T
9824	T	C
9829	T	C
9832	T	C
9833	T	C
9838	G	C
9850	T	C
9854	T	C
9856	T	C
9861	T	C
9868	G	A
9877	T	C
9879	T	C
9880	T	C
9885	T	C
9887	T	C
9891	T	C
9893	C	T
9899	T	C
9906	G	A
9909	T	C
9912	G	A
9932	G	A
9938	T	C
9939	G	A
9947	G	A
9948	G	A
9949	T	C
9952	G	C
9957	T	C
9958	T	C
9963	T	C
9966	G	A
9967	T	C
9972	A	G
9973	T	C
9975	T	C
9979	G	A
9981	T	C
9983	A	G
9984	G	A
9985	G	A
9986	G	A
9989	T	C
9990	T	C
10003	T	C
10007	T	C
10014	G	A
10016	T	C
10019	C	T
10020	T	C
10050	A	G
10065	T	C
10068	G	A
10071	T	C
10089	A	G
10091	C	T
10094	C	T
10097	A	G
10101	T	C
10114	T	C
10128	C	T
10143	G	A
10144	G	A
10161	A	G
10166	T	C
10172	G	A
10177	G	A
10191	T	C
10197	G	A
10203	G	A
10211	C	T
10229	A	G
10231	T	C
10232	A	G
10237	T	C
10238	T	C
10245	T	C
10260	G	A
10265	T	C
10266	G	A
10274	T	C
10277	A	C
10277	A	G
10290	G	A
10304	T	C
10306	A	C
10308	C	T
10321	T	C
10325	G	A
10329	T	C
10331	C	T
10343	C	T
10345	T	C
10353	G	A
10361	T	C
10362	C	T
10369	A	G
10373	G	A
10376	A	G
10388	A	G
10389	T	C
10398	A	G
10400	C	T
10403	A	G
10410	T	C
10427	G	A
10428	A	G
10437	G	A
10440	T	C
10446	A	G
10454	T	C
10455	A	G
10457	T	C
10463	T	C
10478	C	T
10500	G	A
10508	C	T
10510	T	C
10518	C	T
10531	T	C
10533	T	C
10535	T	C
10537	G	A
10550	A	G
10551	T	G
10571	A	G
10580	A	G
10586	G	A
10586	G	C
10589	G	A
10593	A	C
10598	A	G
10602	A	G
10604	T	C
10611	A	G
10616	C	T
10619	C	T
10630	T	C
10632	T	C
10634	A	G
10642	T	C
10646	G	A
10653	G	A
10671	G	A
10680	G	A
10683	G	A
10685	G	A
10688	G	A
10694	A	G
10695	G	A
10704	G	A
10705	T	C
10706	C	T
10711	T	C
10717	A	G
10734	T	C
10744	A	G
10750	A	G
10757	C	T
10776	T	C
10790	T	C
10795	A	G
10810	T	C
10828	T	C
10845	C	T
10850	A	G
10864	C	T
10873	T	C
10878	T	C
10908	T	C
10914	G	A
10915	T	C
10921	A	G
10922	A	G
10927	T	C
10931	T	G
10931	T	C
10935	A	C
10941	T	C
10946	A	C
10953	T	C
10959	T	A
10966	T	C
10970	T	C
10972	A	C
10977	T	C
10983	T	C
10993	G	A
11004	G	A
11016	G	A
11017	T	C
11050	T	G
11056	A	G
11058	T	C
11069	A	G
11087	T	C
11093	G	A
11101	A	G
11102	C	T
11111	T	C
11113	T	C
11116	T	C
11137	T	C
11149	G	A
11150	G	A
11152	T	C
11159	A	G
11164	A	G
11167	A	G
11172	A	G
11176	G	A
11209	A	G
11222	G	A
11242	C	G
11249	C	T
11251	A	G
11253	T	C
11255	T	C
11260	T	C
11272	A	G
11283	A	G
11286	T	C
11292	T	C
11299	T	C
11317	A	G
11318	T	C
11326	C	T
11332	C	T
11353	T	C
11355	A	G
11358	C	T
11363	G	A
11372	G	A
11377	G	A
11392	A	G
11392	A	T
11404	A	G
11413	A	G
11414	G	A
11428	C	T
11431	C	T
11432	A	G
11440	G	A
11447	G	A
11453	G	A
11456	G	A
11458	A	G
11467	A	G
11473	A	G
11485	T	C
11511	A	G
11518	G	A
11529	T	C
11531	G	A
11533	C	T
11535	A	G
11569	T	C
11596	A	G
11617	T	C
11634	G	A
11651	G	A
11654	A	G
11681	A	G
11693	G	A
11706	T	C
11719	G	A
11729	T	C
11732	T	C
11747	G	A
11770	T	C
11770	T	A
11776	T	C
11778	G	A
11787	T	C
11794	T	C
11801	C	T
11809	T	C
11812	A	G
11823	T	C
11825	G	A
11835	G	A
11840	C	T
11846	A	G
11852	G	A
11854	T	C
11864	T	C
11869	C	A
11878	T	C
11884	A	G
11887	G	A
11900	G	A
11906	G	A
11908	A	G
11909	A	G
11914	G	A
11923	A	G
11929	T	C
11931	T	C
11940	T	C
11944	T	C
11946	C	T
11963	G	A
11969	G	A
11977	C	T
11984	T	C
11999	A	G
12007	G	A
12008	G	A
12011	T	C
12016	C	T
12043	C	T
12044	T	C
12050	A	G
12058	A	G
12064	C	T
12070	G	A
12090	T	C
12099	T	C
12117	T	C
12121	T	C
12122	A	G
12123	C	T
12127	G	C
12127	G	A
12130	T	C
12136	T	C
12156	A	G
12164	G	A
12164	G	C
12167	T	C
12172	A	G
12183	G	A
12192	G	A
12193	A	G
12201	T	C
12209	G	A
12212	A	G
12217	A	G
12232	T	C
12235	T	C
12236	G	A
12245	T	C
12256	G	A
12260	T	C
12276	G	A
12278	T	C
12280	A	G
12283	G	A
12285	T	C
12287	T	C
12292	T	C
12298	T	A
12301	G	A
12308	A	G
12315	G	A
12323	T	C
12328	A	G
12335	T	C
12338	T	C
12340	A	G
12349	A	G
12352	A	G
12356	T	C
12362	C	T
12366	A	G
12367	A	G
12370	C	T
12372	G	A
12375	T	C
12395	T	C
12397	A	G
12405	C	T
12406	G	A
12414	T	C
12431	A	G
12439	T	C
12448	T	C
12451	A	G
12460	T	C
12468	T	C
12477	T	C
12480	C	A
12483	C	T
12490	A	G
12501	G	A
12503	G	A
12508	G	A
12519	T	C
12524	T	C
12531	C	T
12534	A	G
12557	C	G
12557	C	T
12561	G	A
12582	A	G
12586	T	C
12589	T	C
12601	T	C
12606	C	T
12609	T	C
12612	A	G
12613	G	A
12616	T	C
12618	G	A
12619	T	C
12622	G	A
12624	T	C
12630	G	A
12633	C	A
12633	C	T
12634	A	G
12635	T	C
12642	A	G
12651	G	A
12654	A	G
12655	T	C
12657	T	C
12663	C	A
12674	A	G
12678	T	C
12681	T	C
12684	G	A
12693	A	G
12696	T	C
12697	C	A
12697	C	T
12702	C	T
12705	C	T
12707	T	C
12713	T	C
12719	T	C
12720	A	G
12724	A	G
12725	T	C
12732	T	C
12736	G	A
12738	T	G
12741	C	T
12747	A	G
12748	T	C
12753	A	G
12756	G	A
12757	T	C
12758	T	C
12759	C	T
12760	A	G
12760	A	C
12762	C	T
12763	G	A
12764	G	A
12768	A	G
12771	G	A
12774	C	A
12775	G	A
12776	T	C
12800	T	C
12801	C	T
12810	A	T
12810	A	G
12811	T	C
12813	C	T
12822	A	G
12824	A	G
12826	G	A
12835	G	A
12842	T	C
12847	G	A
12851	T	C
12855	A	G
12856	T	C
12858	C	T
12864	T	C
12865	A	G
12865	A	C
12867	C	A
12876	C	T
12879	T	C
12889	G	A
12904	A	G
12906	C	A
12937	A	G
12940	G	A
12945	T	C
12948	A	G
12952	G	A
12954	T	C
12957	T	C
12965	T	C
12966	C	T
12972	A	G
12975	A	G
12976	C	T
12994	G	A
12996	A	G
12997	G	A
13015	T	C
13017	A	G
13020	T	C
13026	C	T
13036	C	T
13042	G	A
13050	A	G
13053	C	T
13056	C	T
13057	A	G
13062	A	G
13063	G	A
13064	T	C
13069	G	A
13074	A	G
13077	C	T
13095	T	C
13104	A	G
13105	A	G
13107	C	T
13111	T	C
13113	A	G
13117	A	G
13125	C	T
13132	C	T
13135	G	A
13138	G	A
13143	T	C
13145	G	C
13145	G	A
13151	T	C
13158	A	G
13161	T	C
13174	T	C
13185	C	T
13194	G	A
13198	G	A
13203	A	G
13207	T	C
13210	G	A
13215	T	C
13216	A	G
13224	T	C
13236	A	G
13237	A	G
13241	T	C
13263	A	G
13269	A	G
13280	T	C
13283	C	T
13285	A	G
13287	C	A
13288	G	A
13302	A	G
13309	G	A
13312	T	A
13317	G	A
13322	T	C
13326	T	C
13327	A	G
13333	G	A
13350	A	G
13359	G	A
13368	G	A
13376	T	C
13382	A	G
13385	T	C
13395	A	G
13401	T	C
13419	A	G
13423	C	T
13429	A	G
13434	A	G
13446	A	G
13461	T	C
13466	G	A
13471	G	A
13476	A	G
13477	G	A
13485	A	G
13500	T	C
13506	C	T
13527	A	G
13531	G	A
13563	A	G
13566	T	C
13569	T	C
13570	A	G
13572	T	C
13576	A	G
13581	T	C
13603	A	G
13604	G	A
13606	A	G
13614	A	G
13617	T	C
13622	T	C
13624	A	G
13629	A	G
13633	G	A
13635	T	C
13637	A	G
13643	G	A
13644	C	T
13645	T	C
13655	T	C
13656	T	C
13657	A	G
13676	A	G
13680	C	T
13681	A	C
13681	A	G
13685	T	C
13686	A	G
13689	A	G
13695	C	T
13696	A	C
13703	G	A
13706	T	C
13708	G	A
13710	A	G
13711	G	A
13721	T	C
13722	A	G
13726	G	A
13731	A	G
13734	T	C
13740	T	C
13746	C	T
13759	G	C
13759	G	A
13761	A	C
13762	T	C
13764	C	T
13768	T	C
13769	T	C
13772	A	C
13780	A	G
13781	T	C
13787	T	C
13789	T	C
13804	G	A
13808	T	C
13810	G	C
13810	G	A
13813	G	A
13824	A	G
13830	T	C
13834	A	G
13879	T	C
13884	A	G
13886	T	C
13895	T	C
13899	T	C
13910	T	C
13916	G	A
13920	C	T
13924	C	T
13927	A	G
13928	G	C
13928	G	A
13940	G	A
13953	T	C
13965	T	C
13966	A	G
13986	A	G
14002	A	G
14003	C	T
14016	G	A
14020	T	C
14021	T	C
14025	T	C
14033	T	C
14034	T	C
14040	G	A
14049	C	T
14052	C	T
14082	C	T
14112	C	A
14114	T	C
14120	T	C
14122	A	G
14128	A	G
14142	C	G
14152	A	G
14153	T	C
14160	G	A
14162	G	A
14167	C	T
14178	T	C
14180	T	C
14182	T	C
14183	A	G
14187	C	T
14193	A	G
14198	G	A
14199	T	C
14208	T	C
14209	A	G
14215	T	C
14220	A	G
14226	G	A
14230	A	G
14233	A	G
14234	T	C
14235	C	T
14258	G	A
14259	G	A
14264	T	C
14271	T	C
14279	G	A
14282	C	T
14285	T	C
14291	T	C
14298	T	C
14299	T	C
14302	T	C
14305	G	A
14307	T	C
14308	T	C
14313	C	T
14318	T	C
14325	T	C
14326	T	C
14347	A	G
14351	T	C
14356	C	T
14365	C	T
14371	T	C
14374	T	C
14384	G	A
14395	T	C
14401	A	G
14403	T	C
14404	C	T
14410	G	A
14413	C	T
14417	A	G
14422	T	C
14432	G	A
14443	C	T
14444	T	C
14459	G	A
14464	A	G
14470	T	A
14470	T	C
14476	G	A
14480	A	G
14484	T	C
14495	A	G
14497	A	G
14501	A	T
14502	T	C
14518	A	G
14527	A	G
14530	T	C
14540	T	C
14544	G	A
14554	A	G
14560	G	A
14569	G	A
14577	T	C
14580	A	G
14584	T	C
14587	A	G
14590	C	T
14598	T	C
14605	A	G
14605	A	T
14619	A	G
14635	T	C
14641	A	G
14641	A	C
14668	C	T
14684	C	T
14687	A	G
14693	A	G
14697	C	T
14716	C	T
14721	G	A
14727	T	C
14750	A	G
14757	T	C
14760	G	A
14766	C	T
14769	A	G
14783	T	C
14792	C	T
14793	A	G
14798	T	C
14818	A	G
14819	T	C
14828	T	C
14831	G	A
14833	A	G
14841	A	G
14843	T	C
14849	T	C
14857	T	C
14861	G	A
14865	G	A
14866	C	T
14869	G	A
14870	A	G
14872	C	T
14890	A	G
14900	G	A
14901	C	T
14902	C	T
14905	G	A
14914	A	G
14919	A	G
14927	A	G
14930	G	A
14945	G	A
14954	A	G
14957	C	T
14969	T	C
14972	G	A
14985	G	A
14987	T	C
14988	A	G
14989	C	T
14996	G	A
15001	T	C
15002	G	A
15004	C	A
15024	G	A
15033	T	C
15040	C	T
15043	G	A
15047	G	A
15055	T	C
15067	T	C
15068	C	T
15069	T	C
15071	T	C
15082	C	T
15096	T	C
15099	T	C
15100	C	T
15106	G	A
15108	T	C
15110	G	A
15115	T	C
15119	G	A
15124	A	G
15128	T	C
15129	T	C
15136	C	T
15141	T	C
15146	C	T
15148	G	A
15151	A	G
15164	T	C
15170	G	A
15172	G	A
15174	C	T
15183	T	C
15187	A	G
15191	T	C
15200	G	T
15200	G	A
15203	A	G
15209	T	C
15217	G	A
15218	A	G
15220	A	G
15221	G	A
15223	C	T
15227	G	A
15228	T	C
15229	T	C
15235	A	G
15236	A	G
15244	A	G
15246	G	A
15249	A	G
15254	G	A
15257	G	A
15261	G	A
15266	A	G
15287	T	C
15297	T	C
15300	T	C
15301	G	A
15305	T	C
15309	T	C
15310	T	C
15314	G	A
15320	C	T
15323	G	A
15326	A	G
15328	A	G
15334	C	T
15338	C	T
15343	C	A
15353	A	G
15355	G	A
15357	G	A
15377	A	G
15388	T	C
15394	T	C
15404	T	C
15413	T	C
15416	T	C
15427	A	G
15431	G	A
15442	A	G
15445	T	C
15447	T	C
15449	T	C
15452	C	A
15466	G	A
15467	A	G
15479	T	C
15482	T	C
15497	G	A
15498	G	A
15502	C	T
15506	G	A
15525	A	G
15530	T	C
15535	C	T
15541	T	C
15544	C	T
15549	T	C
15557	G	A
15568	C	T
15575	G	A
15575	G	C
15585	T	C
15586	T	C
15596	G	A
15597	T	C
15601	T	C
15607	A	G
15609	T	C
15617	G	A
15618	T	C
15622	T	C
15625	C	T
15631	A	G
15637	C	T
15639	T	C
15642	T	C
15644	A	G
15645	T	C
15650	G	A
15657	T	C
15666	T	C
15671	A	T
15672	T	C
15692	A	G
15697	T	C
15699	G	A
15703	A	G
15713	T	C
15720	A	G
15721	T	C
15731	G	A
15734	G	A
15737	G	A
15744	T	C
15745	C	T
15747	T	C
15750	T	A
15752	A	G
15755	T	C
15758	A	G
15759	T	C
15761	G	A
15765	G	A
15773	G	A
15777	G	A
15779	T	C
15784	T	C
15787	T	C
15792	T	C
15795	T	C
15803	G	A
15804	T	C
15806	G	A
15809	T	C
15812	G	A
15831	T	C
15833	C	T
15850	T	C
15852	T	C
15860	A	G
15872	A	G
15873	T	C
15880	A	G
15883	G	A
15884	G	A
15884	G	C
15886	C	T
15894	G	A
15895	T	C
15898	T	C
15900	T	C
15904	C	T
15908	T	C
15912	C	T
15916	T	C
15920	G	A
15924	A	G
15927	G	A
15928	G	A
15930	G	A
15940	T	C
15941	T	C
15946	C	T
15949	G	A
15961	G	A
15970	T	C
15976	T	C
15995	G	A
16002	T	C
16006	A	G
16008	T	C
16017	T	C
16020	T	C
16038	A	G
16044	T	C
16047	G	A
16051	A	G
16055	C	T
16065	G	A
16066	A	G
16069	C	T
16071	C	T
16075	T	C
16082	C	G
16086	T	C
16090	T	C
16091	A	G
16092	T	C
16093	T	C
16102	T	C
16104	C	A
16104	C	T
16111	C	T
16114	C	T
16124	T	C
16126	T	C
16129	G	A
16131	T	C
16132	A	G
16134	C	T
16138	A	G
16145	G	A
16147	C	T
16148	C	T
16149	A	C
16150	C	T
16152	T	C
16153	G	A
16154	T	C
16158	A	G
16160	A	G
16162	A	G
16164	A	G
16166	A	G
16166	A	C
16167	C	T
16168	C	T
16169	C	T
16170	A	C
16171	A	G
16172	T	C
16173	C	T
16175	A	C
16176	C	T
16178	T	C
16179	C	T
16192	C	T
16193	C	T
16194	A	C
16195	T	C
16201	C	T
16207	A	G
16209	T	C
16213	G	A
16214	C	T
16215	A	C
16215	A	G
16215	A	T
16216	A	G
16217	T	C
16218	C	T
16219	A	G
16220	A	G
16221	C	T
16222	C	T
16223	C	T
16224	T	C
16227	A	G
16230	A	G
16231	T	C
16232	C	G
16233	A	G
16234	C	T
16235	A	G
16237	A	T
16238	T	C
16239	C	T
16240	A	G
16244	G	A
16245	C	T
16247	A	G
16248	C	T
16249	T	C
16250	C	T
16254	A	G
16256	C	T
16259	C	G
16259	C	T
16260	C	T
16261	C	T
16263	T	C
16264	C	T
16265	A	G
16265	A	C
16265	A	T
16266	C	T
16268	C	A
16269	A	T
16270	C	T
16271	T	C
16274	G	A
16278	C	T
16280	A	G
16283	A	T
16283	A	G
16284	A	G
16286	C	T
16287	C	T
16289	A	G
16290	C	T
16291	C	T
16292	C	T
16293	A	C
16293	A	G
16294	C	T
16295	C	T
16296	C	T
16298	T	C
16299	A	G
16300	A	G
16301	C	T
16302	A	G
16304	T	C
16309	A	G
16311	T	C
16316	A	G
16318	A	G
16318	A	T
16319	G	A
16320	C	T
16325	T	C
16326	A	G
16327	C	T
16330	T	C
16335	A	G
16342	T	C
16343	A	C
16343	A	G
16344	C	T
16353	C	T
16355	C	T
16356	T	C
16357	T	C
16360	C	T
16362	T	C
16365	C	T
16368	T	C
16374	A	C
16385	A	G
16390	G	A
16398	G	A
16399	A	G
16400	C	T
16428	G	A
16444	C	T
16457	G	A
16463	A	G
16465	C	T
16468	T	C
16474	G	C
16482	A	G
16490	G	A
16496	G	A
16497	A	G
16502	T	C
16519	T	C
16524	A	G
16525	A	G
16526	G	A
16527	C	T
16540	C	T
